{
    "2": {
        "x": 512.9561728192185,
        "y": 110.68686751533684
    },
    "3": {
        "x": 625.3057286490669,
        "y": 104.59022375416814
    },
    "4": {
        "x": 657.9122489784638,
        "y": 203.01233185829298
    }
}