{
    "pn": {
        "_Punkt__nr": "PN",
        "_Punkt__x": 6361.169654338302,
        "_Punkt__y": 48613.343434288996,
        "_geschuetzt": 42,
        "oeffentlich": 42
    }
}