{
    "pn": {
        "_Punkt__nr": "N",
        "_Punkt__x": 90851.26037224659,
        "_Punkt__y": 25234.635754413153,
        "_geschuetzt": 42,
        "oeffentlich": 42
    }
}