{
    "pn": {
        "_Punkt__nr": "PN",
        "_Punkt__x": 4268.721607177499,
        "_Punkt__y": 46870.51772098209,
        "_geschuetzt": 42,
        "oeffentlich": 42
    }
}