{
    "Translation Y": 38365.39933969606,
    "Translation X": 20381.14390449904,
    "a": 0.9964000835457408,
    "o": -0.0851227740655151,
    "m": 1.000029506141978,
    "Drehwinkel": -5.4254894070911535
}