{
    "Translation Y": 38365.518634479144,
    "Translation X": 20380.993387331175,
    "a1": 0.9964407873186873,
    "a2": -0.08512022226722593,
    "a3": 0.9963743657537857,
    "a4": -0.08513912696644597,
    "m1": 1.0000714542335933,
    "m2": 1.0000036644783261,
    "alpha": -5.42630605775608,
    "beta": -5.425466907006013
}